Source,SS,ddof1,ddof2,MS,F,p_unc,p_GG_corr,ng2,eps
model,22.28190104166668,1,23,22.28190104166668,18.211947342849882,0.00028904219820998536,0.00028904219820998536,0.15891035552274435,1.0
explicitness,19.48502604166668,1,23,19.48502604166668,28.343023016428567,2.0966864988288826e-05,2.0966864988288826e-05,0.1417918579475737,1.0
model * explicitness,0.03190104166662877,1,23,0.03190104166662877,0.01952563280719799,0.8900864772790826,0.8900864772790826,0.00027042390326518546,1.0
