Source,SS,ddof1,ddof2,MS,F,p_unc,p_GG_corr,ng2,eps
model,93.0234375,1,23,93.0234375,78.04531205471652,7.505636091718408e-09,7.505636091718408e-09,0.360094355789877,1.0
explicitness,28.16666666666665,1,23,28.16666666666665,18.23812316715541,0.0002868415019586786,0.0002868415019586786,0.14558376181118252,1.0
model * explicitness,0.3750000000000071,1,23,0.3750000000000071,0.17579617834395236,0.6789012683620113,0.6789012683620113,0.0022633680173525313,1.0
