T,dof,alternative,p_val,CI95,cohen_d,power,BF10,model,n_pairs
11.173707878784352,47,two-sided,7.904332318689515e-15,[0.91 1.31],0.7995204412305497,0.9997330755960365,8.808e+11,Olmo2,48
0.7481914035657586,47,two-sided,0.45807240623079415,[-0.18  0.38],0.08237209220035976,0.08651223872259874,0.204,Olmo3,48
