explicitness,reused_count,total,reuse_rate,reuse_percentage
Explicit,23,48,0.4791666666666667,47.91666666666667
Implicit,5,48,0.10416666666666667,10.416666666666668
