model,explicitness,reused_count,total,reuse_rate,reuse_percentage
OLMo-2,Explicit,7,24,0.2916666666666667,29.166666666666668
OLMo-2,Implicit,1,24,0.041666666666666664,4.166666666666666
OLMo-3,Explicit,16,24,0.6666666666666666,66.66666666666666
OLMo-3,Implicit,4,24,0.16666666666666666,16.666666666666664
